user_id,birthday,gender,gender_label
user_00001,2013-08-02,0,Female
user_00002,2010-08-17,2,Unknown
user_00003,2010-02-21,1,Male
user_00004,2014-02-27,1,Male
user_00005,2011-07-18,0,Female
user_00006,2011-05-17,0,Female
user_00007,2011-04-03,0,Female
user_00008,2010-10-13,1,Male
user_00009,2014-02-17,1,Male
user_00010,2010-07-29,1,Male
user_00011,2013-10-17,0,Female
user_00012,2014-02-25,2,Unknown
user_00013,2013-01-21,1,Male
user_00014,2010-06-28,0,Female
user_00015,2013-04-24,0,Female
user_00016,2012-05-14,0,Female
user_00017,2010-03-07,0,Female
user_00018,2010-03-03,1,Male
user_00019,2010-07-11,0,Female
user_00020,2011-03-24,0,Female
user_00021,2011-04-22,1,Male
user_00022,2012-10-31,0,Female
user_00023,2013-05-17,0,Female
user_00024,2010-02-24,0,Female
user_00025,2013-02-23,1,Male
user_00026,2011-02-12,1,Male
user_00027,2014-01-06,0,Female
user_00028,2013-08-23,1,Male
user_00029,2013-12-07,1,Male
user_00030,2013-01-21,0,Female
user_00031,2012-05-09,1,Male
user_00032,2011-03-28,0,Female
user_00033,2012-07-08,0,Female
user_00034,2013-04-21,2,Unknown
user_00035,2011-07-24,2,Unknown
user_00036,2014-07-16,1,Male
user_00037,2014-11-16,0,Female
user_00038,2010-01-14,0,Female
user_00039,2014-04-04,1,Male
user_00040,2014-07-09,0,Female
user_00041,2010-11-23,0,Female
user_00042,2013-11-30,1,Male
user_00043,2012-05-15,0,Female
user_00044,2011-11-28,2,Unknown
user_00045,2011-07-24,0,Female
user_00046,2010-11-15,1,Male
user_00047,2011-03-17,0,Female
user_00048,2014-04-13,1,Male
user_00049,2011-11-21,1,Male
user_00050,2010-07-29,0,Female
user_00051,2010-07-09,2,Unknown
user_00052,2012-02-18,1,Male
user_00053,2010-07-18,2,Unknown
user_00054,2012-01-06,1,Male
user_00055,2014-10-02,1,Male
user_00056,2011-12-06,2,Unknown
user_00057,2013-05-21,0,Female
user_00058,2011-06-26,0,Female
user_00059,2014-07-11,0,Female
user_00060,2010-03-30,0,Female
user_00061,2014-02-03,0,Female
user_00062,2012-07-29,0,Female
user_00063,2013-01-03,1,Male
user_00064,2010-09-13,0,Female
user_00065,2012-02-15,0,Female
user_00066,2010-06-11,1,Male
user_00067,2013-02-04,0,Female
user_00068,2011-08-24,1,Male
user_00069,2014-08-26,0,Female
user_00070,2013-07-11,2,Unknown
user_00071,2013-06-20,1,Male
user_00072,2014-12-19,0,Female
user_00073,2014-10-31,0,Female
user_00074,2012-01-11,1,Male
user_00075,2013-03-28,1,Male
user_00076,2011-01-29,1,Male
user_00077,2013-12-13,1,Male
user_00078,2010-05-23,0,Female
user_00079,2010-04-04,0,Female
user_00080,2013-09-16,0,Female
user_00081,2011-04-12,1,Male
user_00082,2014-05-03,1,Male
user_00083,2011-08-16,0,Female
user_00084,2010-06-13,0,Female
user_00085,2014-10-18,0,Female
user_00086,2011-04-22,0,Female
user_00087,2014-11-10,1,Male
user_00088,2010-07-26,1,Male
user_00089,2012-02-18,1,Male
user_00090,2011-07-24,1,Male
user_00091,2012-07-17,0,Female
user_00092,2013-07-25,1,Male
user_00093,2014-09-05,1,Male
user_00094,2012-01-18,1,Male
user_00095,2010-11-30,1,Male
user_00096,2012-01-29,1,Male
user_00097,2011-12-29,1,Male
user_00098,2011-03-06,0,Female
user_00099,2013-10-04,0,Female
user_00100,2011-07-01,0,Female
user_00101,2013-12-08,0,Female
user_00102,2013-10-31,1,Male
user_00103,2013-08-20,0,Female
user_00104,2010-05-27,1,Male
user_00105,2013-06-01,2,Unknown
user_00106,2013-07-24,0,Female
user_00107,2010-12-17,0,Female
user_00108,2012-12-29,1,Male
user_00109,2014-02-02,0,Female
user_00110,2011-05-17,0,Female
user_00111,2010-12-01,0,Female
user_00112,2012-08-04,0,Female
user_00113,2012-02-17,2,Unknown
user_00114,2011-07-07,1,Male
user_00115,2013-08-03,1,Male
user_00116,2013-11-10,1,Male
user_00117,2013-02-14,1,Male
user_00118,2011-03-26,0,Female
user_00119,2013-11-03,1,Male
user_00120,2011-10-27,1,Male
user_00121,2014-09-23,1,Male
user_00122,2014-04-23,1,Male
user_00123,2014-05-09,0,Female
user_00124,2010-04-25,0,Female
user_00125,2011-04-15,0,Female
user_00126,2014-08-11,0,Female
user_00127,2010-03-07,1,Male
user_00128,2014-07-07,1,Male
user_00129,2011-10-09,0,Female
user_00130,2012-04-01,1,Male
user_00131,2011-07-03,0,Female
user_00132,2010-05-16,0,Female
user_00133,2011-03-09,0,Female
user_00134,2013-03-07,0,Female
user_00135,2014-11-30,2,Unknown
user_00136,2014-01-10,0,Female
user_00137,2011-10-07,1,Male
user_00138,2011-03-12,1,Male
user_00139,2013-09-04,0,Female
user_00140,2012-10-19,2,Unknown
user_00141,2012-03-21,2,Unknown
user_00142,2014-12-17,0,Female
user_00143,2013-08-09,1,Male
user_00144,2012-07-28,0,Female
user_00145,2010-10-20,0,Female
user_00146,2011-06-27,0,Female
user_00147,2010-10-13,1,Male
user_00148,2011-05-21,1,Male
user_00149,2014-03-06,0,Female
user_00150,2013-02-23,0,Female
user_00151,2013-01-08,2,Unknown
user_00152,2011-06-23,0,Female
user_00153,2014-03-10,0,Female
user_00154,2013-04-12,1,Male
user_00155,2012-05-27,2,Unknown
user_00156,2013-04-10,0,Female
user_00157,2012-03-28,1,Male
user_00158,2012-01-12,1,Male
user_00159,2011-03-26,0,Female
user_00160,2010-10-11,1,Male
user_00161,2012-11-09,0,Female
user_00162,2012-10-07,1,Male
user_00163,2010-07-06,1,Male
user_00164,2014-03-28,1,Male
user_00165,2010-04-07,0,Female
user_00166,2014-10-30,1,Male
user_00167,2010-08-13,0,Female
user_00168,2010-11-10,0,Female
user_00169,2013-07-09,0,Female
user_00170,2010-11-24,1,Male
user_00171,2014-06-11,1,Male
user_00172,2013-10-25,0,Female
user_00173,2012-05-14,1,Male
user_00174,2013-05-06,0,Female
user_00175,2010-05-11,1,Male
user_00176,2012-02-28,0,Female
user_00177,2012-02-21,1,Male
user_00178,2013-05-05,0,Female
user_00179,2012-08-16,2,Unknown
user_00180,2012-12-19,0,Female
user_00181,2011-05-30,0,Female
user_00182,2013-02-07,0,Female
user_00183,2014-10-29,2,Unknown
user_00184,2010-01-24,1,Male
user_00185,2013-10-25,0,Female
user_00186,2014-01-16,1,Male
user_00187,2010-08-23,1,Male
user_00188,2013-10-28,1,Male
user_00189,2014-12-18,1,Male
user_00190,2013-01-04,0,Female
user_00191,2014-03-18,0,Female
user_00192,2011-07-01,1,Male
user_00193,2014-04-24,2,Unknown
user_00194,2013-08-05,1,Male
user_00195,2011-11-28,0,Female
user_00196,2010-08-17,0,Female
user_00197,2011-08-25,1,Male
user_00198,2012-06-09,1,Male
user_00199,2010-11-20,1,Male
user_00200,2012-07-18,1,Male
user_00201,2010-01-07,1,Male
user_00202,2014-01-18,0,Female
user_00203,2014-11-29,0,Female
user_00204,2014-01-13,1,Male
user_00205,2011-06-24,1,Male
user_00206,2012-10-22,0,Female
user_00207,2014-04-10,0,Female
user_00208,2011-01-01,1,Male
user_00209,2012-11-05,0,Female
user_00210,2010-08-06,0,Female
user_00211,2014-11-18,1,Male
user_00212,2013-07-04,1,Male
user_00213,2011-09-04,1,Male
user_00214,2014-09-20,0,Female
user_00215,2013-08-01,1,Male
user_00216,2012-11-05,0,Female
user_00217,2013-06-01,0,Female
user_00218,2011-02-12,1,Male
user_00219,2010-11-10,1,Male
user_00220,2012-02-05,1,Male
user_00221,2014-04-11,1,Male
user_00222,2010-11-27,1,Male
user_00223,2013-01-09,0,Female
user_00224,2014-05-14,0,Female
user_00225,2012-12-22,0,Female
user_00226,2010-01-02,0,Female
user_00227,2013-05-11,2,Unknown
user_00228,2011-10-26,0,Female
user_00229,2012-09-27,1,Male
user_00230,2010-02-09,1,Male
user_00231,2010-08-18,1,Male
user_00232,2012-01-14,1,Male
user_00233,2014-12-05,1,Male
user_00234,2014-08-31,1,Male
user_00235,2014-07-11,0,Female
user_00236,2011-09-22,1,Male
user_00237,2011-05-06,0,Female
user_00238,2010-04-29,0,Female
user_00239,2011-05-09,1,Male
user_00240,2014-12-04,0,Female
user_00241,2013-03-07,2,Unknown
user_00242,2010-06-11,2,Unknown
user_00243,2010-06-25,2,Unknown
user_00244,2014-02-07,0,Female
user_00245,2012-09-22,0,Female
user_00246,2014-07-30,2,Unknown
user_00247,2010-05-22,0,Female
user_00248,2014-04-07,2,Unknown
user_00249,2012-12-26,2,Unknown
user_00250,2014-04-18,1,Male
user_00251,2010-09-15,0,Female
user_00252,2010-09-20,0,Female
user_00253,2013-09-13,1,Male
user_00254,2012-08-31,0,Female
user_00255,2013-01-30,0,Female
user_00256,2010-12-05,1,Male
user_00257,2011-06-27,2,Unknown
user_00258,2012-12-16,1,Male
user_00259,2014-11-22,1,Male
user_00260,2013-05-27,0,Female
user_00261,2012-05-16,1,Male
user_00262,2011-03-10,2,Unknown
user_00263,2013-01-09,0,Female
user_00264,2014-03-27,1,Male
user_00265,2014-02-03,1,Male
user_00266,2013-11-13,1,Male
user_00267,2011-02-16,1,Male
user_00268,2013-12-31,1,Male
user_00269,2011-10-01,0,Female
user_00270,2012-03-28,0,Female
user_00271,2013-10-07,1,Male
user_00272,2013-08-23,1,Male
user_00273,2012-02-04,1,Male
user_00274,2012-06-16,2,Unknown
user_00275,2012-11-25,1,Male
user_00276,2012-07-13,1,Male
user_00277,2010-09-05,1,Male
user_00278,2011-05-23,1,Male
user_00279,2011-04-06,1,Male
user_00280,2010-05-12,1,Male
user_00281,2011-11-24,1,Male
user_00282,2010-02-13,0,Female
user_00283,2013-04-19,0,Female
user_00284,2013-02-08,0,Female
user_00285,2011-04-17,1,Male
user_00286,2013-04-20,0,Female
user_00287,2011-03-28,1,Male
user_00288,2010-01-15,1,Male
user_00289,2010-05-26,0,Female
user_00290,2013-12-20,1,Male
user_00291,2013-07-16,0,Female
user_00292,2010-05-01,0,Female
user_00293,2011-04-14,1,Male
user_00294,2010-05-19,0,Female
user_00295,2010-03-06,0,Female
user_00296,2014-10-27,1,Male
user_00297,2011-11-08,1,Male
user_00298,2010-05-26,0,Female
user_00299,2012-11-18,1,Male
user_00300,2011-05-03,0,Female
user_00301,2011-07-25,0,Female
user_00302,2013-10-02,1,Male
user_00303,2012-09-21,1,Male
user_00304,2011-03-15,1,Male
user_00305,2013-01-09,1,Male
user_00306,2010-09-28,2,Unknown
user_00307,2014-01-21,1,Male
user_00308,2014-12-13,0,Female
user_00309,2013-03-15,1,Male
user_00310,2013-03-26,0,Female
user_00311,2012-08-26,0,Female
user_00312,2011-05-13,0,Female
user_00313,2014-05-26,0,Female
user_00314,2012-08-26,2,Unknown
user_00315,2014-07-12,1,Male
user_00316,2012-04-13,1,Male
user_00317,2011-01-25,0,Female
user_00318,2010-07-13,0,Female
user_00319,2010-07-18,0,Female
user_00320,2013-09-11,0,Female
user_00321,2012-06-01,1,Male
user_00322,2011-12-27,1,Male
user_00323,2012-05-17,1,Male
user_00324,2012-04-21,0,Female
user_00325,2012-08-14,2,Unknown
user_00326,2014-11-05,1,Male
user_00327,2014-02-02,1,Male
user_00328,2010-04-21,1,Male
user_00329,2013-10-11,0,Female
user_00330,2013-08-31,0,Female
user_00331,2013-08-16,0,Female
user_00332,2010-07-21,1,Male
user_00333,2010-05-05,0,Female
user_00334,2012-04-04,0,Female
user_00335,2014-01-31,0,Female
user_00336,2011-11-26,0,Female
user_00337,2014-06-28,1,Male
user_00338,2014-10-31,1,Male
user_00339,2010-08-12,1,Male
user_00340,2011-05-25,0,Female
user_00341,2011-01-28,1,Male
user_00342,2011-01-25,1,Male
user_00343,2013-01-03,0,Female
user_00344,2012-07-07,0,Female
user_00345,2010-10-15,0,Female
user_00346,2012-05-14,1,Male
user_00347,2011-01-11,1,Male
user_00348,2011-07-25,0,Female
user_00349,2012-08-05,0,Female
user_00350,2011-05-27,1,Male
user_00351,2014-11-26,1,Male
user_00352,2010-06-04,1,Male
user_00353,2012-06-26,1,Male
user_00354,2014-07-13,0,Female
user_00355,2014-10-31,0,Female
user_00356,2014-10-20,1,Male
user_00357,2013-02-01,0,Female
user_00358,2010-07-20,1,Male
user_00359,2010-04-14,2,Unknown
user_00360,2013-08-28,1,Male
user_00361,2013-01-12,0,Female
user_00362,2014-09-09,1,Male
user_00363,2010-01-31,1,Male
user_00364,2010-07-11,1,Male
user_00365,2014-03-24,2,Unknown
user_00366,2014-10-05,0,Female
user_00367,2011-04-30,2,Unknown
user_00368,2010-12-07,2,Unknown
user_00369,2012-04-12,0,Female
user_00370,2012-09-21,0,Female
user_00371,2012-09-12,0,Female
user_00372,2011-03-14,0,Female
user_00373,2014-11-06,0,Female
user_00374,2012-04-01,1,Male
user_00375,2010-05-01,0,Female
user_00376,2010-12-04,0,Female
user_00377,2012-02-16,1,Male
user_00378,2010-01-05,0,Female
user_00379,2012-03-10,1,Male
user_00380,2011-06-28,0,Female
user_00381,2014-05-25,0,Female
user_00382,2014-05-27,1,Male
user_00383,2012-07-20,1,Male
user_00384,2011-08-08,1,Male
user_00385,2012-05-16,1,Male
user_00386,2013-11-27,1,Male
user_00387,2014-02-05,0,Female
user_00388,2014-05-24,0,Female
user_00389,2013-02-12,1,Male
user_00390,2013-09-17,1,Male
user_00391,2014-01-11,2,Unknown
user_00392,2012-09-23,0,Female
user_00393,2010-11-14,0,Female
user_00394,2011-01-24,1,Male
user_00395,2011-08-31,0,Female
user_00396,2011-03-22,2,Unknown
user_00397,2010-04-30,1,Male
user_00398,2013-04-01,0,Female
user_00399,2014-02-15,1,Male
user_00400,2013-01-15,1,Male
user_00401,2010-05-05,0,Female
user_00402,2014-03-12,2,Unknown
user_00403,2011-10-05,1,Male
user_00404,2010-04-28,1,Male
user_00405,2010-04-13,0,Female
user_00406,2013-04-11,1,Male
user_00407,2012-09-03,0,Female
user_00408,2012-10-26,0,Female
user_00409,2014-10-13,2,Unknown
user_00410,2012-12-23,0,Female
user_00411,2010-11-19,0,Female
user_00412,2010-04-27,2,Unknown
user_00413,2012-11-06,2,Unknown
user_00414,2010-06-14,1,Male
user_00415,2014-10-10,1,Male
user_00416,2011-01-16,0,Female
user_00417,2010-05-21,0,Female
user_00418,2013-05-03,0,Female
user_00419,2010-05-20,1,Male
user_00420,2013-10-14,1,Male
user_00421,2014-11-01,1,Male
user_00422,2011-04-27,1,Male
user_00423,2012-04-06,0,Female
user_00424,2010-09-03,1,Male
user_00425,2014-12-29,0,Female
user_00426,2013-03-12,1,Male
user_00427,2011-05-20,0,Female
user_00428,2013-03-31,1,Male
user_00429,2013-05-02,0,Female
user_00430,2010-03-23,0,Female
user_00431,2013-06-22,0,Female
user_00432,2010-06-17,1,Male
user_00433,2012-05-08,1,Male
user_00434,2013-09-08,0,Female
user_00435,2013-04-10,0,Female
user_00436,2013-03-03,1,Male
user_00437,2012-12-06,0,Female
user_00438,2011-10-10,1,Male
user_00439,2011-06-19,1,Male
user_00440,2011-02-23,0,Female
user_00441,2013-10-03,0,Female
user_00442,2014-01-06,2,Unknown
user_00443,2011-10-06,0,Female
user_00444,2011-05-04,0,Female
user_00445,2011-06-28,1,Male
user_00446,2012-03-21,2,Unknown
user_00447,2010-09-26,2,Unknown
user_00448,2013-10-07,1,Male
user_00449,2013-08-14,0,Female
user_00450,2011-09-07,0,Female
user_00451,2012-07-25,1,Male
user_00452,2011-10-10,1,Male
user_00453,2014-03-20,0,Female
user_00454,2010-05-29,2,Unknown
user_00455,2010-01-20,0,Female
user_00456,2012-07-27,1,Male
user_00457,2013-06-26,0,Female
user_00458,2013-02-27,1,Male
user_00459,2010-07-24,0,Female
user_00460,2010-05-31,0,Female
user_00461,2013-01-06,0,Female
user_00462,2011-03-13,1,Male
user_00463,2012-11-02,1,Male
user_00464,2011-06-28,1,Male
user_00465,2010-09-29,2,Unknown
user_00466,2011-12-16,0,Female
user_00467,2014-12-10,0,Female
user_00468,2010-05-21,1,Male
user_00469,2014-12-06,0,Female
user_00470,2011-05-16,2,Unknown
user_00471,2012-01-27,0,Female
user_00472,2011-08-07,2,Unknown
user_00473,2010-11-20,0,Female
user_00474,2012-06-16,1,Male
user_00475,2014-09-04,1,Male
user_00476,2013-01-17,2,Unknown
user_00477,2013-12-11,0,Female
user_00478,2011-09-12,1,Male
user_00479,2013-06-06,2,Unknown
user_00480,2014-07-11,1,Male
user_00481,2013-09-01,1,Male
user_00482,2012-12-19,1,Male
user_00483,2010-01-17,1,Male
user_00484,2013-09-29,1,Male
user_00485,2014-08-01,1,Male
user_00486,2013-02-09,2,Unknown
user_00487,2011-09-06,0,Female
user_00488,2013-09-20,0,Female
user_00489,2010-08-01,2,Unknown
user_00490,2014-12-04,1,Male
user_00491,2010-10-03,1,Male
user_00492,2011-06-26,1,Male
user_00493,2010-08-25,0,Female
user_00494,2014-12-28,0,Female
user_00495,2010-08-08,1,Male
user_00496,2014-03-01,0,Female
user_00497,2013-02-07,1,Male
user_00498,2010-11-15,0,Female
user_00499,2011-07-12,2,Unknown
user_00500,2011-08-01,2,Unknown
user_00501,2013-05-23,1,Male
user_00502,2011-03-08,1,Male
user_00503,2014-01-09,0,Female
user_00504,2011-12-04,1,Male
user_00505,2011-02-21,1,Male
user_00506,2013-11-08,0,Female
user_00507,2013-07-22,2,Unknown
user_00508,2014-10-13,1,Male
user_00509,2011-06-25,2,Unknown
user_00510,2012-11-01,1,Male
user_00511,2012-09-27,1,Male
user_00512,2011-05-30,0,Female
user_00513,2014-09-29,2,Unknown
user_00514,2010-04-15,1,Male
user_00515,2010-07-09,0,Female
user_00516,2013-07-23,0,Female
user_00517,2012-05-17,0,Female
user_00518,2014-08-26,1,Male
user_00519,2011-07-21,2,Unknown
user_00520,2010-04-01,0,Female
user_00521,2010-01-08,1,Male
user_00522,2011-11-15,0,Female
user_00523,2014-04-29,2,Unknown
user_00524,2010-09-25,1,Male
user_00525,2013-07-28,1,Male
user_00526,2011-06-21,1,Male
user_00527,2010-11-27,0,Female
user_00528,2014-02-27,0,Female
user_00529,2012-06-23,0,Female
user_00530,2013-02-03,1,Male
user_00531,2013-12-16,1,Male
user_00532,2012-05-25,2,Unknown
user_00533,2013-02-22,2,Unknown
user_00534,2010-01-20,1,Male
user_00535,2010-08-18,1,Male
user_00536,2010-06-04,2,Unknown
user_00537,2014-12-14,1,Male
user_00538,2013-11-16,0,Female
user_00539,2010-11-02,1,Male
user_00540,2013-01-22,0,Female
user_00541,2010-03-15,2,Unknown
user_00542,2014-09-06,1,Male
user_00543,2012-01-27,0,Female
user_00544,2013-04-07,1,Male
user_00545,2013-02-05,1,Male
user_00546,2010-10-31,0,Female
user_00547,2012-05-30,0,Female
user_00548,2010-09-19,1,Male
user_00549,2010-03-27,1,Male
user_00550,2011-09-24,1,Male
user_00551,2012-01-17,1,Male
user_00552,2014-06-19,1,Male
user_00553,2014-10-29,1,Male
user_00554,2010-03-23,1,Male
user_00555,2012-01-03,1,Male
user_00556,2011-03-07,0,Female
user_00557,2013-10-28,0,Female
user_00558,2011-05-27,0,Female
user_00559,2013-09-27,1,Male
user_00560,2010-07-30,1,Male
user_00561,2011-12-26,1,Male
user_00562,2014-05-17,0,Female
user_00563,2013-02-20,0,Female
user_00564,2014-12-16,0,Female
user_00565,2014-11-27,0,Female
user_00566,2012-04-12,1,Male
user_00567,2013-06-25,0,Female
user_00568,2014-03-15,0,Female
user_00569,2010-11-13,2,Unknown
user_00570,2011-04-30,0,Female
user_00571,2014-11-06,1,Male
user_00572,2010-11-29,1,Male
user_00573,2014-06-27,0,Female
user_00574,2014-07-19,1,Male
user_00575,2010-12-29,1,Male
user_00576,2014-12-11,2,Unknown
user_00577,2012-04-24,0,Female
user_00578,2010-02-20,2,Unknown
user_00579,2011-01-03,1,Male
user_00580,2014-02-17,0,Female
user_00581,2011-11-12,1,Male
user_00582,2014-05-22,2,Unknown
user_00583,2012-04-23,1,Male
user_00584,2014-07-01,0,Female
user_00585,2013-10-03,1,Male
user_00586,2014-11-05,0,Female
user_00587,2014-02-14,0,Female
user_00588,2014-07-19,0,Female
user_00589,2011-05-24,0,Female
user_00590,2011-07-01,0,Female
user_00591,2010-11-23,0,Female
user_00592,2014-06-01,1,Male
user_00593,2013-12-07,0,Female
user_00594,2010-08-10,0,Female
user_00595,2012-02-23,1,Male
user_00596,2014-11-22,1,Male
user_00597,2010-03-21,1,Male
user_00598,2014-10-25,0,Female
user_00599,2012-08-21,0,Female
user_00600,2011-04-01,0,Female
user_00601,2011-02-13,0,Female
user_00602,2014-07-31,0,Female
user_00603,2012-07-31,0,Female
user_00604,2011-12-18,0,Female
user_00605,2011-09-18,0,Female
user_00606,2014-08-08,1,Male
user_00607,2014-06-17,0,Female
user_00608,2014-11-20,0,Female
user_00609,2011-04-12,1,Male
user_00610,2011-04-02,1,Male
user_00611,2010-02-18,0,Female
user_00612,2013-09-13,1,Male
user_00613,2011-01-31,1,Male
user_00614,2012-03-27,0,Female
user_00615,2011-11-04,1,Male
user_00616,2011-07-25,2,Unknown
user_00617,2014-11-06,0,Female
user_00618,2010-05-23,0,Female
user_00619,2014-05-03,1,Male
user_00620,2011-07-26,1,Male
user_00621,2011-12-21,0,Female
user_00622,2013-08-06,0,Female
user_00623,2012-11-09,0,Female
user_00624,2012-03-29,1,Male
user_00625,2013-10-23,1,Male
user_00626,2014-09-24,0,Female
user_00627,2013-01-03,1,Male
user_00628,2011-11-10,1,Male
user_00629,2010-02-26,0,Female
user_00630,2010-08-25,0,Female
user_00631,2014-12-02,1,Male
user_00632,2011-06-19,1,Male
user_00633,2011-01-01,1,Male
user_00634,2013-04-04,1,Male
user_00635,2011-06-28,0,Female
user_00636,2010-03-20,0,Female
user_00637,2010-08-11,1,Male
user_00638,2013-05-06,0,Female
user_00639,2012-06-08,0,Female
user_00640,2011-12-09,0,Female
user_00641,2014-02-01,0,Female
user_00642,2014-05-30,0,Female
user_00643,2011-10-05,0,Female
user_00644,2012-06-12,0,Female
user_00645,2013-05-26,0,Female
user_00646,2012-11-13,1,Male
user_00647,2010-08-25,1,Male
user_00648,2012-02-28,1,Male
user_00649,2013-03-26,1,Male
user_00650,2011-01-25,1,Male
user_00651,2011-06-06,0,Female
user_00652,2010-04-01,1,Male
user_00653,2013-12-22,1,Male
user_00654,2012-06-12,1,Male
user_00655,2010-01-04,0,Female
user_00656,2012-11-30,0,Female
user_00657,2014-07-10,0,Female
user_00658,2013-01-07,0,Female
user_00659,2013-11-07,1,Male
user_00660,2014-01-13,1,Male
user_00661,2014-02-28,0,Female
user_00662,2014-02-18,2,Unknown
user_00663,2013-10-05,1,Male
user_00664,2011-02-08,0,Female
user_00665,2012-01-16,0,Female
user_00666,2012-06-02,0,Female
user_00667,2010-05-24,0,Female
user_00668,2013-09-22,0,Female
user_00669,2011-11-08,0,Female
user_00670,2013-06-30,0,Female
user_00671,2011-10-05,0,Female
user_00672,2013-09-20,1,Male
user_00673,2014-10-03,0,Female
user_00674,2010-09-13,1,Male
user_00675,2014-01-14,0,Female
user_00676,2011-09-08,2,Unknown
user_00677,2012-11-04,0,Female
user_00678,2011-09-26,0,Female
user_00679,2013-09-27,2,Unknown
user_00680,2012-04-16,1,Male
user_00681,2011-10-31,1,Male
user_00682,2012-04-04,0,Female
user_00683,2013-11-28,0,Female
user_00684,2011-08-29,1,Male
user_00685,2013-02-09,2,Unknown
user_00686,2010-09-18,1,Male
user_00687,2011-01-28,1,Male
user_00688,2012-05-11,0,Female
user_00689,2013-09-23,1,Male
user_00690,2012-02-16,0,Female
user_00691,2013-10-19,0,Female
user_00692,2014-03-13,0,Female
user_00693,2010-12-23,1,Male
user_00694,2013-06-14,0,Female
user_00695,2013-03-11,0,Female
user_00696,2011-09-09,1,Male
user_00697,2012-04-11,0,Female
user_00698,2013-01-27,1,Male
user_00699,2014-09-04,0,Female
user_00700,2010-01-01,1,Male
user_00701,2011-09-15,1,Male
user_00702,2011-08-11,0,Female
user_00703,2011-03-07,0,Female
user_00704,2012-05-30,0,Female
user_00705,2014-05-29,0,Female
user_00706,2013-04-02,2,Unknown
user_00707,2013-05-27,0,Female
user_00708,2013-09-02,1,Male
user_00709,2011-10-22,0,Female
user_00710,2012-08-10,1,Male
user_00711,2012-06-23,1,Male
user_00712,2012-06-24,1,Male
user_00713,2013-10-15,1,Male
user_00714,2011-03-14,0,Female
user_00715,2012-11-12,0,Female
user_00716,2012-08-27,2,Unknown
user_00717,2014-06-14,1,Male
user_00718,2014-06-19,2,Unknown
user_00719,2014-02-16,0,Female
user_00720,2010-12-14,1,Male
user_00721,2013-09-11,2,Unknown
user_00722,2010-06-23,0,Female
user_00723,2011-08-05,0,Female
user_00724,2012-11-21,1,Male
user_00725,2013-09-21,1,Male
user_00726,2013-07-20,1,Male
user_00727,2013-06-22,0,Female
user_00728,2011-11-18,1,Male
user_00729,2010-07-11,0,Female
user_00730,2014-08-04,0,Female
user_00731,2014-03-19,0,Female
user_00732,2011-04-27,1,Male
user_00733,2013-10-09,1,Male
user_00734,2011-09-28,1,Male
user_00735,2011-04-06,0,Female
user_00736,2014-07-10,1,Male
user_00737,2011-02-12,0,Female
user_00738,2010-10-29,1,Male
user_00739,2010-02-20,0,Female
user_00740,2010-04-05,0,Female
user_00741,2011-05-17,1,Male
user_00742,2012-08-31,0,Female
user_00743,2013-06-05,1,Male
user_00744,2014-10-07,1,Male
user_00745,2014-04-23,0,Female
user_00746,2010-05-30,1,Male
user_00747,2012-07-21,0,Female
user_00748,2012-04-28,1,Male
user_00749,2014-12-20,2,Unknown
user_00750,2013-07-13,1,Male
user_00751,2013-03-24,0,Female
user_00752,2011-02-03,2,Unknown
user_00753,2014-01-11,1,Male
user_00754,2013-11-27,0,Female
user_00755,2012-02-26,0,Female
user_00756,2012-10-09,1,Male
user_00757,2012-03-29,1,Male
user_00758,2011-05-15,1,Male
user_00759,2010-10-30,1,Male
user_00760,2013-09-05,1,Male
user_00761,2013-11-09,0,Female
user_00762,2010-01-12,0,Female
user_00763,2014-03-18,0,Female
user_00764,2014-10-29,1,Male
user_00765,2014-04-27,0,Female
user_00766,2014-12-19,1,Male
user_00767,2010-08-07,1,Male
user_00768,2014-05-14,1,Male
user_00769,2012-05-20,0,Female
user_00770,2011-03-25,1,Male
user_00771,2010-12-27,0,Female
user_00772,2014-07-05,1,Male
user_00773,2013-11-26,0,Female
user_00774,2012-11-26,0,Female
user_00775,2012-08-09,1,Male
user_00776,2010-04-13,0,Female
user_00777,2013-02-15,0,Female
user_00778,2011-05-26,1,Male
user_00779,2014-10-04,1,Male
user_00780,2010-09-06,1,Male
user_00781,2012-07-23,1,Male
user_00782,2010-10-01,1,Male
user_00783,2014-06-30,0,Female
user_00784,2012-08-09,0,Female
user_00785,2013-09-29,0,Female
user_00786,2012-12-23,2,Unknown
user_00787,2013-02-18,1,Male
user_00788,2013-05-04,0,Female
user_00789,2011-10-12,1,Male
user_00790,2014-03-27,2,Unknown
user_00791,2014-12-31,0,Female
user_00792,2012-06-25,1,Male
user_00793,2013-06-08,1,Male
user_00794,2014-07-28,1,Male
user_00795,2014-01-13,0,Female
user_00796,2012-10-30,1,Male
user_00797,2012-05-23,2,Unknown
user_00798,2014-08-29,1,Male
user_00799,2013-01-27,1,Male
user_00800,2012-07-02,2,Unknown
user_00801,2010-11-22,1,Male
user_00802,2014-03-04,0,Female
user_00803,2014-10-31,1,Male
user_00804,2012-08-30,1,Male
user_00805,2012-07-10,0,Female
user_00806,2011-06-15,1,Male
user_00807,2014-03-20,2,Unknown
user_00808,2011-05-22,2,Unknown
user_00809,2014-09-17,1,Male
user_00810,2013-07-29,0,Female
user_00811,2011-07-22,2,Unknown
user_00812,2014-04-18,1,Male
user_00813,2014-05-12,0,Female
user_00814,2012-12-03,2,Unknown
user_00815,2012-09-19,1,Male
user_00816,2013-07-07,1,Male
user_00817,2011-05-05,1,Male
user_00818,2011-07-17,0,Female
user_00819,2012-06-19,0,Female
user_00820,2010-06-08,0,Female
user_00821,2014-01-01,1,Male
user_00822,2011-08-09,0,Female
user_00823,2011-04-26,0,Female
user_00824,2011-07-11,0,Female
user_00825,2011-11-19,1,Male
user_00826,2011-10-17,2,Unknown
user_00827,2013-01-11,0,Female
user_00828,2010-06-15,0,Female
user_00829,2010-10-11,1,Male
user_00830,2010-11-05,1,Male
user_00831,2011-04-19,0,Female
user_00832,2012-02-24,1,Male
user_00833,2013-11-22,0,Female
user_00834,2010-11-09,0,Female
user_00835,2013-12-17,1,Male
user_00836,2011-03-15,0,Female
user_00837,2010-05-12,2,Unknown
user_00838,2012-04-29,0,Female
user_00839,2012-04-14,1,Male
user_00840,2011-11-09,1,Male
user_00841,2013-01-16,0,Female
user_00842,2012-08-12,1,Male
user_00843,2012-05-01,0,Female
user_00844,2010-05-08,2,Unknown
user_00845,2011-02-28,0,Female
user_00846,2014-09-02,0,Female
user_00847,2012-05-10,0,Female
user_00848,2012-03-08,2,Unknown
user_00849,2014-04-26,1,Male
user_00850,2013-04-11,1,Male
user_00851,2013-11-25,0,Female
user_00852,2010-02-10,1,Male
user_00853,2014-10-21,0,Female
user_00854,2014-12-09,1,Male
user_00855,2014-04-17,0,Female
user_00856,2013-03-25,0,Female
user_00857,2012-02-19,0,Female
user_00858,2012-09-03,1,Male
user_00859,2010-01-13,1,Male
user_00860,2011-12-22,0,Female
user_00861,2011-09-04,1,Male
user_00862,2014-03-24,1,Male
user_00863,2012-03-09,1,Male
user_00864,2014-10-14,0,Female
user_00865,2014-09-08,0,Female
user_00866,2012-05-08,1,Male
user_00867,2013-01-07,0,Female
user_00868,2014-03-11,0,Female
user_00869,2014-02-13,1,Male
user_00870,2013-01-23,2,Unknown
user_00871,2014-06-27,0,Female
user_00872,2013-05-20,0,Female
user_00873,2011-03-28,1,Male
user_00874,2012-09-26,0,Female
user_00875,2011-03-26,0,Female
user_00876,2011-07-13,0,Female
user_00877,2012-06-11,1,Male
user_00878,2012-09-21,1,Male
user_00879,2010-03-01,0,Female
user_00880,2012-03-07,0,Female
user_00881,2011-11-20,0,Female
user_00882,2013-10-01,1,Male
user_00883,2013-10-22,0,Female
user_00884,2014-06-23,0,Female
user_00885,2012-04-08,1,Male
user_00886,2014-01-23,0,Female
user_00887,2010-12-05,1,Male
user_00888,2014-09-18,0,Female
user_00889,2012-08-15,0,Female
user_00890,2010-09-19,0,Female
user_00891,2013-06-28,1,Male
user_00892,2012-12-29,1,Male
user_00893,2010-02-25,1,Male
user_00894,2012-03-17,0,Female
user_00895,2013-04-27,1,Male
user_00896,2013-03-01,0,Female
user_00897,2013-09-19,0,Female
user_00898,2010-02-25,1,Male
user_00899,2010-06-21,0,Female
user_00900,2013-08-09,0,Female
user_00901,2012-05-27,0,Female
user_00902,2010-10-05,0,Female
user_00903,2014-11-11,0,Female
user_00904,2012-08-03,1,Male
user_00905,2011-01-08,0,Female
user_00906,2010-04-13,1,Male
user_00907,2011-06-17,1,Male
user_00908,2012-02-16,0,Female
user_00909,2011-11-02,0,Female
user_00910,2011-03-10,0,Female
user_00911,2012-07-20,1,Male
user_00912,2011-11-01,0,Female
user_00913,2011-11-23,1,Male
user_00914,2014-04-08,0,Female
user_00915,2014-12-07,1,Male
user_00916,2012-02-16,0,Female
user_00917,2011-07-24,0,Female
user_00918,2014-03-21,2,Unknown
user_00919,2014-08-31,1,Male
user_00920,2012-05-13,0,Female
user_00921,2011-06-01,1,Male
user_00922,2014-09-06,1,Male
user_00923,2010-06-17,1,Male
user_00924,2012-08-21,1,Male
user_00925,2010-02-09,0,Female
user_00926,2014-03-15,0,Female
user_00927,2013-01-09,0,Female
user_00928,2010-04-17,1,Male
user_00929,2011-12-18,1,Male
user_00930,2011-04-05,0,Female
user_00931,2013-08-24,0,Female
user_00932,2010-05-21,1,Male
user_00933,2014-05-19,2,Unknown
user_00934,2013-08-27,1,Male
user_00935,2010-03-24,0,Female
user_00936,2014-03-25,0,Female
user_00937,2010-03-05,0,Female
user_00938,2011-05-22,2,Unknown
user_00939,2011-02-13,0,Female
user_00940,2014-09-15,1,Male
user_00941,2010-02-11,0,Female
user_00942,2013-06-26,1,Male
user_00943,2010-11-09,1,Male
user_00944,2011-05-04,1,Male
user_00945,2010-09-16,0,Female
user_00946,2012-08-27,0,Female
user_00947,2013-10-03,0,Female
user_00948,2010-08-23,2,Unknown
user_00949,2013-03-01,1,Male
user_00950,2011-03-23,1,Male
user_00951,2012-08-10,1,Male
user_00952,2013-12-03,1,Male
user_00953,2011-06-09,0,Female
user_00954,2014-04-20,2,Unknown
user_00955,2012-01-26,0,Female
user_00956,2010-12-10,0,Female
user_00957,2013-05-25,1,Male
user_00958,2013-05-28,0,Female
user_00959,2014-03-12,0,Female
user_00960,2014-01-11,1,Male
user_00961,2010-08-23,0,Female
user_00962,2014-05-12,1,Male
user_00963,2014-08-05,0,Female
user_00964,2010-12-02,0,Female
user_00965,2011-09-30,0,Female
user_00966,2010-08-10,0,Female
user_00967,2013-03-31,1,Male
user_00968,2010-02-22,0,Female
user_00969,2011-10-01,1,Male
user_00970,2013-03-25,1,Male
user_00971,2013-10-19,1,Male
user_00972,2012-02-08,2,Unknown
user_00973,2012-03-23,1,Male
user_00974,2014-01-04,0,Female
user_00975,2011-02-11,0,Female
user_00976,2010-06-05,0,Female
user_00977,2013-04-27,1,Male
user_00978,2013-11-15,0,Female
user_00979,2014-08-29,1,Male
user_00980,2013-07-08,1,Male
user_00981,2011-05-13,0,Female
user_00982,2010-07-28,1,Male
user_00983,2013-11-28,0,Female
user_00984,2014-05-02,0,Female
user_00985,2011-09-10,1,Male
user_00986,2014-10-08,1,Male
user_00987,2013-11-02,1,Male
user_00988,2013-05-14,0,Female
user_00989,2014-07-08,0,Female
user_00990,2010-09-05,1,Male
user_00991,2014-06-19,1,Male
user_00992,2013-03-05,1,Male
user_00993,2014-05-22,0,Female
user_00994,2010-03-26,1,Male
user_00995,2011-12-13,0,Female
user_00996,2012-12-27,0,Female
user_00997,2012-05-27,2,Unknown
user_00998,2013-09-16,0,Female
user_00999,2012-01-29,2,Unknown
user_01000,2010-05-22,0,Female
